date,max_temp_c,min_temp_c,rainfall_mm,wind_speed,city
2026-09-05,28.9,23.1,6.7,8.9,Ibadan (Oyo)
2026-09-06,28.0,22.7,6.7,10.8,Ibadan (Oyo)
2026-09-07,29.0,23.2,7.8,8.5,Ibadan (Oyo)
2026-09-08,28.4,23.5,3.4,10.6,Ibadan (Oyo)
2026-09-09,28.7,23.2,1.3,12.3,Ibadan (Oyo)
2026-09-10,28.2,23.3,6.5,11.2,Ibadan (Oyo)
2026-09-11,29.0,23.1,16.1,10.9,Ibadan (Oyo)
2026-09-12,28.8,22.9,11.1,7.6,Ibadan (Oyo)
2026-09-13,29.0,23.4,6.3,10.0,Ibadan (Oyo)
2026-09-14,29.0,23.0,14.1,15.0,Ibadan (Oyo)
2026-09-15,30.1,23.1,3.6,12.1,Ibadan (Oyo)
2026-09-16,28.2,23.3,12.8,11.1,Ibadan (Oyo)
2026-09-17,29.0,23.6,5.1,12.2,Ibadan (Oyo)
2026-09-18,28.3,23.4,9.9,10.8,Ibadan (Oyo)
2026-09-05,32.7,21.3,1.1,12.7,Kano
2026-09-06,32.1,22.9,2.4,19.5,Kano
2026-09-07,32.1,23.1,0.0,7.4,Kano
2026-09-08,33.9,23.6,4.1,24.0,Kano
2026-09-09,30.5,22.2,0.0,16.6,Kano
2026-09-10,31.6,24.1,0.0,14.5,Kano
2026-09-11,32.6,22.9,8.3,11.6,Kano
2026-09-12,30.9,22.4,4.1,10.8,Kano
2026-09-13,33.0,23.0,0.0,8.7,Kano
2026-09-14,34.6,24.2,2.0,10.7,Kano
2026-09-15,33.8,22.4,6.3,14.7,Kano
2026-09-16,32.2,22.7,1.2,13.1,Kano
2026-09-17,31.5,22.7,0.0,14.6,Kano
2026-09-18,32.8,23.7,0.0,13.3,Kano
2026-09-05,32.2,24.5,2.5,13.3,Makurdi (Benue)
2026-09-06,30.4,24.1,1.9,11.2,Makurdi (Benue)
2026-09-07,31.4,23.7,3.8,9.6,Makurdi (Benue)
2026-09-08,32.2,24.1,0.2,11.2,Makurdi (Benue)
2026-09-09,29.1,24.5,4.0,10.8,Makurdi (Benue)
2026-09-10,30.9,24.5,8.6,12.6,Makurdi (Benue)
2026-09-11,28.4,22.9,13.0,10.4,Makurdi (Benue)
2026-09-12,31.4,23.4,0.6,9.9,Makurdi (Benue)
2026-09-13,31.3,24.1,8.4,13.4,Makurdi (Benue)
2026-09-14,31.6,24.0,3.4,10.4,Makurdi (Benue)
2026-09-15,31.6,24.1,3.3,14.6,Makurdi (Benue)
2026-09-16,30.2,23.5,2.4,15.3,Makurdi (Benue)
2026-09-17,31.6,23.8,15.4,10.9,Makurdi (Benue)
2026-09-18,30.7,23.0,11.4,9.4,Makurdi (Benue)
2026-09-05,30.6,23.4,11.8,10.1,Enugu
2026-09-06,29.2,23.6,3.0,11.0,Enugu
2026-09-07,29.6,22.5,8.7,10.9,Enugu
2026-09-08,29.5,23.5,2.9,6.8,Enugu
2026-09-09,28.2,23.2,2.3,10.7,Enugu
2026-09-10,29.5,23.2,5.1,15.8,Enugu
2026-09-11,28.5,23.3,7.2,10.3,Enugu
2026-09-12,28.9,23.3,18.6,9.7,Enugu
2026-09-13,30.3,22.3,8.5,11.9,Enugu
2026-09-14,31.2,23.4,4.3,13.7,Enugu
2026-09-15,30.3,23.7,18.8,11.4,Enugu
2026-09-16,29.3,22.4,25.8,8.7,Enugu
2026-09-17,30.1,23.7,9.0,12.8,Enugu
2026-09-18,29.0,23.2,12.0,11.5,Enugu
2026-09-05,30.5,22.8,10.3,15.0,Ilorin (Kwara)
2026-09-06,30.2,22.8,2.8,12.1,Ilorin (Kwara)
2026-09-07,30.0,23.0,6.7,12.0,Ilorin (Kwara)
2026-09-08,29.5,23.1,0.5,8.8,Ilorin (Kwara)
2026-09-09,29.0,23.4,1.2,14.1,Ilorin (Kwara)
2026-09-10,29.5,23.5,0.9,14.5,Ilorin (Kwara)
2026-09-11,29.8,23.0,4.2,14.4,Ilorin (Kwara)
2026-09-12,29.6,23.0,1.8,11.4,Ilorin (Kwara)
2026-09-13,30.8,23.1,17.4,12.6,Ilorin (Kwara)
2026-09-14,29.9,22.9,10.0,22.7,Ilorin (Kwara)
2026-09-15,31.0,22.7,6.9,13.9,Ilorin (Kwara)
2026-09-16,28.5,23.1,3.6,12.6,Ilorin (Kwara)
2026-09-17,30.1,22.9,12.3,14.3,Ilorin (Kwara)
2026-09-18,29.8,22.9,7.8,12.9,Ilorin (Kwara)
