farm_id,state,crop,farm_size_ha,yield_tons,rainfall_mm,soil_ph,fertilizer_kg,improved_seeds,irrigation,year,income_naira,income_per_hectare
1,Kaduna,Rice,5.2,6.9,1266.0,6.4,45.0,False,False,2023,331484.0,63746.92307692308
2,Enugu,Rice,6.1,12.2,793.0,7.2,116.0,False,False,2023,731831.0,119972.29508196723
3,Plateau,Cassava,4.4,9.0,779.0,5.5,5.0,True,True,2024,1092323.0,248255.22727272726
4,Nasarawa,Yam,12.5,28.2,1383.0,5.7,98.0,True,False,2023,1309268.0,104741.44
5,Kebbi,Cocoa,5.7,25.2,2133.0,6.8,123.0,False,False,2022,1468732.0,257672.28070175438
6,Rivers,Yam,4.6,20.8,697.0,,36.0,True,True,2022,1472568.0,320123.47826086957
7,Plateau,Cocoa,8.4,26.8,1481.0,7.1,23.0,False,True,2022,716771.0,85329.88095238095
8,Lagos,Cassava,2.5,25.1,2034.0,6.0,92.0,True,False,2024,1030857.0,412342.8
9,Kaduna,Maize,12.1,9.7,1251.0,7.2,45.0,False,False,2023,763044.0,63061.48760330579
10,Imo,Rice,1.6,27.3,643.0,7.1,180.0,False,True,2022,743176.0,464485.0
11,Benue,Cassava,14.8,18.5,1108.0,7.3,94.0,False,False,2024,891095.0,60209.12162162162
12,Kaduna,Rice,11.7,25.2,1724.0,7.0,98.0,False,False,2023,1033727.0,88352.73504273505
13,Kebbi,Groundnut,3.4,27.4,,6.7,187.0,False,False,2024,1234978.0,363228.82352941175
14,Kebbi,Maize,0.6,13.0,686.0,6.5,115.0,False,True,2022,1362928.0,2271546.666666667
15,Rivers,Maize,12.3,7.8,1849.0,5.9,190.0,True,True,2022,1069474.0,86949.1056910569
16,Lagos,Cassava,10.7,10.7,963.0,7.4,159.0,True,True,2022,285999.0,26728.8785046729
17,Enugu,Maize,11.1,15.7,1872.0,7.4,160.0,True,False,2024,1266531.0,114101.8918918919
18,Rivers,Cocoa,11.7,25.5,1159.0,5.7,66.0,False,False,2024,270640.0,23131.623931623933
19,Rivers,Maize,1.6,26.5,1263.0,5.8,127.0,False,True,2022,396582.0,247863.75
20,Benue,Rice,5.7,5.2,1454.0,6.2,17.0,False,False,2024,1992662.0,349589.8245614035
21,Ondo,Rice,2.2,17.8,902.0,6.1,24.0,False,False,2022,600573.0,272987.72727272724
22,Lagos,Rice,13.0,15.4,1869.0,7.5,53.0,True,True,2022,1674271.0,128790.07692307692
23,Kano,Rice,9.5,10.6,2034.0,5.4,57.0,True,True,2023,261476.0,27523.78947368421
24,Rivers,Cocoa,5.3,8.0,646.0,5.0,66.0,False,True,2024,493705.5,93151.98113207548
25,Taraba,Yam,1.4,13.4,1671.0,6.2,103.0,True,False,2022,1415856.0,1011325.7142857143
26,Kwara,Groundnut,5.0,28.6,1363.0,5.4,173.0,True,False,2022,875510.0,175102.0
27,Ondo,Cassava,5.2,13.1,988.0,5.9,23.0,False,False,2024,1844044.0,354623.8461538461
28,Kano,Rice,11.1,18.0,1428.0,6.9,113.0,True,False,2023,898646.0,80959.0990990991
29,Taraba,Maize,9.7,22.6,2163.0,6.8,31.0,False,False,2023,837144.0,86303.50515463918
30,Lagos,Rice,13.4,14.1,1050.0,5.8,174.0,True,False,2022,614568.0,45863.28358208955
31,Oyo,Maize,7.3,29.3,837.0,6.4,85.0,False,True,2024,1434717.0,196536.57534246575
32,Taraba,Groundnut,2.2,29.1,1371.0,6.3,150.0,False,False,2023,1098320.0,499236.3636363636
33,Imo,Groundnut,10.8,11.3,1140.0,6.6,193.0,False,True,2024,834736.0,77290.37037037036
34,Ondo,Groundnut,11.5,17.4,972.0,5.6,126.0,False,True,2024,1787261.0,155414.0
35,Plateau,Maize,8.6,12.5,650.0,6.5,154.0,True,False,2022,1426607.0,165884.53488372095
36,Taraba,Rice,11.7,12.1,1938.0,7.4,129.0,False,True,2023,1168021.0,99830.8547008547
37,Niger,Groundnut,7.7,5.9,1821.0,6.2,16.0,False,True,2022,1367756.0,177630.64935064936
38,Oyo,Cocoa,8.1,20.2,2134.0,7.3,,False,False,2023,266234.0,32868.3950617284
39,Kebbi,Maize,6.7,17.6,762.0,6.1,160.0,True,False,2023,1812818.0,270569.85074626864
40,Kebbi,Maize,0.9,6.3,643.0,5.9,136.0,False,True,2023,378352.0,420391.1111111111
41,Nasarawa,Rice,2.1,12.0,845.0,6.6,42.0,True,True,2023,1328035.0,632397.619047619
42,Imo,Maize,1.0,27.7,1123.0,6.7,175.0,False,False,2023,609995.0,609995.0
43,Taraba,Maize,9.7,11.0,1516.0,7.2,38.0,True,False,2024,395004.0,40722.06185567011
44,Taraba,Groundnut,5.1,8.6,2095.0,5.6,169.0,True,False,2022,666152.0,130618.03921568628
45,Nasarawa,Rice,7.9,17.2,1380.0,6.2,25.0,False,False,2024,1973832.0,249852.15189873416
46,Kwara,Groundnut,13.7,29.6,501.0,6.4,98.0,True,False,2023,1307739.0,95455.40145985402
47,Kwara,Groundnut,4.1,11.1,1396.0,6.9,49.0,False,True,2022,1724429.0,420592.4390243903
48,Nasarawa,Rice,6.5,21.8,1827.0,5.1,152.0,False,False,2023,251934.0,38759.07692307692
49,Kwara,Cassava,11.5,24.0,753.0,7.5,151.0,False,False,2022,1968831.0,171202.69565217392
50,Benue,Groundnut,3.8,10.9,2175.0,6.2,12.0,True,True,2024,625523.0,164611.31578947368
