farm_id,state,crop,farm_size_ha,rainfall_mm,soil_ph,fertilizer_kg,improved_seeds,irrigation,yield_tons
1,Nasarawa,Maize,1.2,1170,6.6,,0,0,11.39
2,Lagos,Maize,0.6,1693,,20.0,1,0,13.05
3,Kano,Maize,11.8,687,5.8,174.0,1,0,15.39
4,Lagos,Maize,3.3,1488,7.1,8.0,0,0,9.87
5,Kwara,Rice,6.5,1105,5.9,49.0,1,0,18.71
6,Lagos,Yam,1.0,1669,6.6,14.0,0,0,16.55
7,Lagos,Groundnut,2.4,1679,5.8,123.0,0,0,8.27
8,Kebbi,Rice,4.6,480,6.6,162.0,1,0,19.45
9,Kwara,Maize,7.3,932,5.1,150.0,1,1,16.69
10,Ondo,Cassava,5.4,1304,,141.0,1,0,25.99
11,Nasarawa,Cassava,5.2,951,,131.0,1,0,26.12
12,Benue,Maize,9.7,1065,6.4,61.0,1,1,16.67
13,Kebbi,Yam,9.9,630,7.0,128.0,0,0,16.46
14,Sokoto,Rice,11.6,467,5.5,179.0,0,1,19.05
15,Rivers,Groundnut,0.9,1912,7.2,112.0,1,0,10.43
16,Kano,Cocoa,5.9,746,6.5,122.0,0,1,5.71
17,Rivers,Cassava,3.0,1923,6.1,92.0,1,0,25.27
18,Kaduna,Cassava,1.8,827,6.1,103.0,0,0,22.05
19,Ondo,Maize,11.6,1443,6.8,59.0,0,1,14.12
20,Ondo,Rice,2.4,1451,5.9,160.0,1,0,21.01
21,Ondo,Cocoa,8.5,1398,7.1,145.0,0,0,5.17
22,Enugu,Maize,4.7,1334,6.6,127.0,1,0,15.4
23,Benue,Cocoa,7.9,1050,7.0,26.0,0,0,6.2
24,Oyo,Rice,3.7,1291,6.4,16.0,1,0,18.76
25,Enugu,Groundnut,10.3,1380,6.3,115.0,0,0,7.91
26,Kano,Rice,3.4,673,5.2,31.0,1,0,17.3
27,Kwara,Cassava,9.8,1198,6.6,38.0,0,1,24.6
28,Sokoto,Rice,0.9,564,5.1,97.0,0,0,18.77
29,Benue,Yam,6.7,1057,5.1,179.0,0,0,20.64
30,Nasarawa,Maize,2.1,1161,5.1,115.0,0,1,13.66
31,Kano,Cocoa,3.4,646,,62.0,0,1,7.86
32,Lagos,Cocoa,8.1,1517,6.6,116.0,1,0,6.69
33,Ondo,Maize,1.0,1453,5.8,85.0,0,0,11.72
34,Nasarawa,Maize,7.8,1188,,100.0,0,0,13.96
35,Kano,Rice,11.4,595,6.9,68.0,1,0,19.61
36,Rivers,Cassava,10.9,1978,6.8,,0,1,20.18
37,Lagos,Groundnut,8.3,1641,6.5,80.0,1,0,8.77
38,Lagos,Groundnut,6.8,1474,6.9,163.0,0,1,9.23
39,Ondo,Cassava,10.4,1398,5.9,95.0,0,1,26.32
40,Rivers,Cassava,1.1,1861,6.1,85.0,0,0,20.17
41,Kaduna,Maize,5.7,905,6.5,51.0,1,0,12.99
42,Nasarawa,Cassava,1.1,938,5.2,41.0,1,1,26.12
43,Kebbi,Yam,10.1,638,5.3,73.0,1,1,22.97
44,Lagos,Groundnut,10.6,1428,5.2,82.0,1,1,10.77
45,Oyo,Maize,5.4,1169,6.6,,1,0,13.06
46,Sokoto,Groundnut,5.1,476,6.4,0.0,1,0,6.59
47,Rivers,Cocoa,4.2,1916,7.1,,1,0,6.19
48,Kaduna,Cassava,10.9,713,,0.0,1,0,17.66
49,Kwara,Cocoa,4.6,1055,5.7,121.0,0,0,5.55
50,Benue,Cassava,11.3,1200,5.7,156.0,0,0,23.02
51,Kaduna,Yam,9.4,709,7.1,108.0,0,0,18.79
52,Kaduna,Cocoa,3.6,982,,160.0,1,0,7.52
53,Rivers,Groundnut,11.4,2150,6.6,2.0,1,1,7.47
54,Ondo,Groundnut,3.6,1504,,112.0,1,0,10.53
55,Benue,Cocoa,1.5,1258,6.1,11.0,1,1,7.62
56,Enugu,Groundnut,4.5,1265,6.8,102.0,0,0,9.66
57,Kebbi,Rice,10.4,648,6.1,78.0,0,0,16.09
58,Lagos,Cocoa,1.4,1452,5.8,125.0,1,0,7.96
59,Kebbi,Cocoa,6.0,407,5.4,,0,1,5.71
60,Enugu,Yam,5.8,1291,5.8,21.0,0,0,18.18
61,Kano,Groundnut,10.5,572,5.2,46.0,1,0,9.66
62,Kwara,Cocoa,0.9,913,6.4,77.0,1,1,7.51
63,Nasarawa,Cocoa,3.3,1138,,17.0,0,0,4.78
64,Nasarawa,Cocoa,4.6,1025,5.3,144.0,0,0,5.0
65,Oyo,Cocoa,3.8,1133,6.2,167.0,0,0,7.54
66,Benue,Groundnut,2.3,1288,5.0,20.0,0,0,6.52
67,Kwara,Cassava,1.8,1146,5.1,30.0,0,1,23.49
68,Rivers,Cocoa,10.1,1861,7.0,78.0,1,0,6.59
69,Oyo,Rice,9.3,1311,6.1,112.0,1,1,23.52
70,Ondo,Cassava,4.2,1477,6.0,4.0,0,1,19.49
71,Enugu,Cassava,4.5,1472,5.3,,1,0,26.29
72,Kwara,Cocoa,9.7,959,6.9,71.0,1,1,7.97
73,Ondo,Rice,8.4,1377,6.2,131.0,0,0,18.91
74,Rivers,Cassava,1.8,1952,5.8,52.0,1,0,23.0
75,Kwara,Yam,9.6,914,6.9,32.0,1,1,23.45
76,Oyo,Cocoa,1.8,1109,6.1,73.0,0,1,6.3
77,Kwara,Groundnut,0.6,1035,5.3,46.0,0,1,10.25
78,Oyo,Rice,3.8,1353,7.0,37.0,0,0,17.42
79,Kwara,Cocoa,1.7,1109,,,1,0,6.99
80,Kwara,Cassava,10.1,1113,7.0,0.0,0,1,18.85
81,Benue,Rice,0.6,1148,5.8,52.0,0,1,18.26
82,Lagos,Yam,7.1,1416,6.3,,1,0,22.19
83,Rivers,Cassava,6.4,2084,6.3,149.0,0,0,20.66
84,Kwara,Cassava,2.9,1156,5.7,,0,1,26.75
85,Kwara,Rice,5.6,917,5.6,114.0,1,0,21.2
86,Nasarawa,Rice,11.8,1187,5.6,109.0,1,1,21.77
87,Kwara,Cassava,2.6,1146,5.6,71.0,0,1,23.88
88,Kwara,Cocoa,0.6,1064,5.3,141.0,0,1,7.65
89,Ondo,Groundnut,4.4,1335,6.4,81.0,1,1,10.89
90,Enugu,Groundnut,9.3,1455,6.2,52.0,0,1,8.27
91,Kwara,Rice,6.7,1114,6.8,113.0,0,0,16.16
92,Oyo,Yam,1.9,1128,5.4,36.0,0,1,21.58
93,Rivers,Groundnut,2.1,1952,6.1,75.0,0,0,9.12
94,Rivers,Yam,2.6,1989,6.1,63.0,0,1,21.47
95,Enugu,Rice,7.0,1495,6.0,163.0,1,0,22.52
96,Rivers,Yam,4.3,1835,6.2,80.0,1,0,21.7
97,Kaduna,Cassava,1.4,828,6.1,170.0,1,0,26.46
98,Rivers,Yam,9.2,1856,6.0,46.0,0,1,19.55
99,Enugu,Cocoa,1.1,1397,7.2,88.0,1,1,7.73
100,Kano,Groundnut,2.7,585,7.0,13.0,0,1,8.01
101,Lagos,Cocoa,6.0,1502,5.1,158.0,0,0,6.1
102,Nasarawa,Cassava,5.4,903,6.7,152.0,1,0,27.29
103,Ondo,Yam,9.7,1333,5.0,12.0,1,1,21.99
104,Kwara,Maize,9.0,1138,5.9,157.0,0,0,13.83
105,Kwara,Cocoa,1.0,1045,5.5,152.0,0,1,6.94
106,Enugu,Groundnut,7.6,1397,7.2,62.0,1,0,9.0
107,Kebbi,Maize,3.0,462,5.5,,0,0,11.72
108,Nasarawa,Cassava,6.4,908,7.0,121.0,1,0,25.4
109,Ondo,Rice,1.6,1568,5.5,88.0,1,0,19.31
110,Kaduna,Yam,3.7,869,6.8,,1,1,24.53
111,Kebbi,Groundnut,1.4,575,6.1,36.0,0,1,8.69
112,Kano,Rice,10.6,555,6.5,39.0,1,0,19.05
113,Rivers,Rice,8.3,1858,5.4,12.0,1,1,19.48
114,Kano,Cassava,11.0,530,,137.0,1,0,25.55
115,Sokoto,Yam,3.5,573,5.2,154.0,1,0,22.8
116,Nasarawa,Yam,9.2,1132,7.1,62.0,0,0,20.59
117,Oyo,Yam,4.5,1318,5.4,11.0,0,0,16.37
118,Sokoto,Maize,4.8,576,6.3,6.0,0,1,11.06
119,Nasarawa,Yam,9.6,1125,7.2,98.0,1,0,22.4
120,Benue,Rice,11.4,1026,6.9,125.0,0,0,17.68
